Metric,Value
RMSE,6.276900613234926
MAE,5.103437042236328
R2,0.846353314431816
